arm,mode,channel,k,total,correct,incorrect,answered,accuracy,penalized,answer_rate,precision,decoy_rate
classical,forced,chart_native,8,6.0,2.0,4.0,6.0,0.3333333333333333,-0.3333333333333333,1.0,0.3333333333333333,1.0
classical,forced,chart_only,8,6.0,2.0,3.0,5.0,0.3333333333333333,-0.16666666666666666,0.8333333333333334,0.4,0.0
classical,forced,cross_file,8,6.0,2.0,4.0,6.0,0.3333333333333333,-0.3333333333333333,1.0,0.3333333333333333,0.0
classical,forced,format,8,6.0,2.0,4.0,6.0,0.3333333333333333,-0.3333333333333333,1.0,0.3333333333333333,1.0
classical,forced,formula,8,6.0,2.0,4.0,6.0,0.3333333333333333,-0.3333333333333333,1.0,0.3333333333333333,1.0
classical,forced,hidden,8,6.0,2.0,4.0,6.0,0.3333333333333333,-0.3333333333333333,1.0,0.3333333333333333,0.5
classical,forced,layout,8,6.0,2.0,4.0,6.0,0.3333333333333333,-0.3333333333333333,1.0,0.3333333333333333,0.5
classical,forced,locked,8,6.0,2.0,4.0,6.0,0.3333333333333333,-0.3333333333333333,1.0,0.3333333333333333,0.0
classical,forced,scanned,8,6.0,2.0,4.0,6.0,0.3333333333333333,-0.3333333333333333,1.0,0.3333333333333333,0.5
classical,forced,text,8,6.0,6.0,0.0,6.0,1.0,1.0,1.0,1.0,
classical,forced,version,8,6.0,5.0,1.0,6.0,0.8333333333333334,0.6666666666666666,1.0,0.8333333333333334,0.16666666666666666
