n_files,channel,n,a_recall,c_all,c_cands,c_capped,b_path_max,b_grep_max
151,chart_native,6,1.0,1.0,30.333333333333332,0.0,1,2
151,chart_only,6,1.0,1.0,27.0,0.0,2,2
151,cross_file,6,1.0,1.0,20.0,0.0,11,43
151,format,6,1.0,1.0,24.0,0.0,1,2
151,formula,6,1.0,1.0,25.666666666666668,0.0,1,3
151,hidden,6,1.0,1.0,30.666666666666668,0.0,1,2
151,layout,6,1.0,1.0,26.0,0.0,2,3
151,locked,6,1.0,1.0,26.0,0.0,4,10
151,scanned,6,0.6666666666666666,1.0,32.0,0.0,2,3
151,text,6,1.0,1.0,24.0,0.0,1,3
151,version,6,1.0,1.0,21.166666666666668,0.0,3,10
311,chart_native,6,1.0,1.0,37.666666666666664,0.0,1,2
311,chart_only,6,1.0,1.0,36.0,0.0,2,2
311,cross_file,6,1.0,1.0,20.0,0.0,11,43
311,format,6,1.0,1.0,28.333333333333332,0.0,1,2
311,formula,6,1.0,1.0,22.5,0.0,1,3
311,hidden,6,0.8333333333333334,1.0,30.0,0.0,1,2
311,layout,6,1.0,1.0,35.0,0.0,2,3
311,locked,6,1.0,1.0,35.0,0.0,4,10
311,scanned,6,0.6666666666666666,1.0,30.0,0.0,2,3
311,text,6,1.0,1.0,32.5,0.0,1,3
311,version,6,1.0,0.6666666666666666,20.0,0.0,3,10
1524,chart_native,6,1.0,1.0,20.0,0.0,1,2
1524,chart_only,6,0.6666666666666666,1.0,60.0,1.0,2,2
1524,cross_file,6,1.0,1.0,20.0,0.0,11,43
1524,format,6,1.0,1.0,20.0,0.0,1,2
1524,formula,6,1.0,1.0,20.0,0.0,1,3
1524,hidden,6,0.6666666666666666,0.6666666666666666,20.0,0.0,1,2
1524,layout,6,0.6666666666666666,1.0,60.0,1.0,2,3
1524,locked,6,1.0,0.0,60.0,1.0,4,10
1524,scanned,6,0.6666666666666666,0.8333333333333334,60.0,1.0,2,3
1524,text,6,1.0,1.0,26.666666666666668,0.16666666666666666,1,3
1524,version,6,1.0,0.6666666666666666,20.0,0.0,3,10
7956,chart_native,6,1.0,1.0,20.0,0.0,1,2
7956,chart_only,6,0.5,0.6666666666666666,60.0,1.0,2,2
7956,cross_file,6,1.0,1.0,20.0,0.0,11,43
7956,format,6,1.0,1.0,20.0,0.0,1,2
7956,formula,6,1.0,1.0,20.0,0.0,1,3
7956,hidden,6,0.6666666666666666,1.0,20.0,0.0,1,2
7956,layout,6,0.6666666666666666,1.0,60.0,1.0,2,3
7956,locked,6,0.8333333333333334,0.0,60.0,1.0,4,10
7956,scanned,6,0.6666666666666666,0.8333333333333334,60.0,1.0,2,3
7956,text,6,1.0,1.0,33.333333333333336,0.3333333333333333,1,3
7956,version,6,1.0,0.8333333333333334,20.0,0.0,3,10
