n_files,qid,channel,difficulty,a_file_recall@8,c_all_sources,c_any_source,c_n_candidates,c_companion_capped,key,b_key_path_hits,b_key_grep_hits
151,chart_native-01,chart_native,1,True,True,True,31,False,UT-3064,1,2
151,chart_native-02,chart_native,2,True,True,True,31,False,UT-3391,1,2
151,chart_native-03,chart_native,3,True,True,True,27,False,UT-3860,1,2
151,chart_native-04,chart_native,1,True,True,True,31,False,UT-3629,1,2
151,chart_native-05,chart_native,2,True,True,True,31,False,UT-1666,1,2
151,chart_native-06,chart_native,3,True,True,True,31,False,UT-3297,1,2
151,chart_only-01,chart_only,1,True,True,True,27,False,CH-2766,2,2
151,chart_only-02,chart_only,2,True,True,True,27,False,CH-2120,2,2
151,chart_only-03,chart_only,3,True,True,True,27,False,CH-4057,2,2
151,chart_only-04,chart_only,1,True,True,True,27,False,CH-4814,2,2
151,chart_only-05,chart_only,2,True,True,True,27,False,CH-2146,2,2
151,chart_only-06,chart_only,3,True,True,True,27,False,CH-2666,2,2
151,cross_file-01,cross_file,1,True,True,True,20,False,CF-3026,3,12
151,cross_file-02,cross_file,2,True,True,True,20,False,CF-1756,10,40
151,cross_file-03,cross_file,3,True,True,True,20,False,CF-1461,11,43
151,cross_file-04,cross_file,1,True,True,True,20,False,CF-4626,3,12
151,cross_file-05,cross_file,2,True,True,True,20,False,CF-4352,10,40
151,cross_file-06,cross_file,3,True,True,True,20,False,CF-4485,11,43
151,format-01,format,1,True,True,True,24,False,IL-1467,1,2
151,format-02,format,2,True,True,True,24,False,IL-3927,1,2
151,format-03,format,3,True,True,True,24,False,IL-3716,1,2
151,format-04,format,1,True,True,True,24,False,IL-3276,1,2
151,format-05,format,2,True,True,True,24,False,IL-1093,1,2
151,format-06,format,3,True,True,True,24,False,IL-2762,1,2
151,formula-01,formula,1,True,True,True,27,False,QT-1641,1,3
151,formula-02,formula,2,True,True,True,27,False,QT-2757,1,3
151,formula-03,formula,3,True,True,True,26,False,QT-4352,1,3
151,formula-04,formula,1,True,True,True,27,False,QT-2159,1,3
151,formula-05,formula,2,True,True,True,27,False,QT-1572,1,3
151,formula-06,formula,3,True,True,True,20,False,QT-4752,1,3
151,hidden-01,hidden,1,True,True,True,33,False,PPT-3334,1,2
151,hidden-02,hidden,2,True,True,True,33,False,PPT-4046,1,2
151,hidden-03,hidden,3,True,True,True,26,False,PPT-3208,1,2
151,hidden-04,hidden,1,True,True,True,33,False,PPT-4624,1,2
151,hidden-05,hidden,2,True,True,True,26,False,PPT-2099,1,2
151,hidden-06,hidden,3,True,True,True,33,False,PPT-2128,1,2
151,layout-01,layout,1,True,True,True,26,False,LY-1456,2,3
151,layout-02,layout,2,True,True,True,26,False,LY-3754,2,3
151,layout-03,layout,3,True,True,True,26,False,LY-4223,2,3
151,layout-04,layout,1,True,True,True,26,False,LY-2102,2,3
151,layout-05,layout,2,True,True,True,26,False,LY-1789,2,3
151,layout-06,layout,3,True,True,True,26,False,LY-1560,2,3
151,locked-01,locked,1,True,True,True,26,False,ST-2819,4,10
151,locked-02,locked,2,True,True,True,26,False,ST-2417,4,9
151,locked-03,locked,3,True,True,True,26,False,ST-2884,4,9
151,locked-04,locked,1,True,True,True,26,False,ST-4499,4,10
151,locked-05,locked,2,True,True,True,26,False,ST-4058,4,9
151,locked-06,locked,3,True,True,True,26,False,ST-3308,4,9
151,scanned-01,scanned,1,True,True,True,31,False,SC-1370,1,2
151,scanned-02,scanned,2,False,True,True,31,False,SC-3865,1,0
151,scanned-03,scanned,3,True,True,True,31,False,SC-2030,2,3
151,scanned-04,scanned,1,True,True,True,31,False,SC-2767,1,2
151,scanned-05,scanned,2,False,True,True,37,False,SC-2048,1,0
151,scanned-06,scanned,3,True,True,True,31,False,SC-1149,2,3
151,text-01,text,1,True,True,True,20,False,PRJ-1269,1,3
151,text-02,text,1,True,True,True,26,False,PRJ-1455,1,3
151,text-03,text,1,True,True,True,26,False,PRJ-2978,1,3
151,text-04,text,2,True,True,True,26,False,PRJ-1418,1,3
151,text-05,text,2,True,True,True,26,False,PRJ-2515,1,3
151,text-06,text,3,True,True,True,20,False,PRJ-1130,1,3
151,version-01,version,1,True,True,True,20,False,VR-4724,2,6
151,version-02,version,2,True,True,True,20,False,VR-4879,2,6
151,version-03,version,3,True,True,True,20,False,VR-3200,3,10
151,version-04,version,1,True,True,True,27,False,VR-4958,2,6
151,version-05,version,2,True,True,True,20,False,VR-3297,2,6
151,version-06,version,3,True,True,True,20,False,VR-3990,3,10
311,chart_native-01,chart_native,1,True,True,True,36,False,UT-3064,1,2
311,chart_native-02,chart_native,2,True,True,True,36,False,UT-3391,1,2
311,chart_native-03,chart_native,3,True,True,True,36,False,UT-3860,1,2
311,chart_native-04,chart_native,1,True,True,True,36,False,UT-3629,1,2
311,chart_native-05,chart_native,2,True,True,True,46,False,UT-1666,1,2
311,chart_native-06,chart_native,3,True,True,True,36,False,UT-3297,1,2
311,chart_only-01,chart_only,1,True,True,True,36,False,CH-2766,2,2
311,chart_only-02,chart_only,2,True,True,True,36,False,CH-2120,2,2
311,chart_only-03,chart_only,3,True,True,True,36,False,CH-4057,2,2
311,chart_only-04,chart_only,1,True,True,True,36,False,CH-4814,2,2
311,chart_only-05,chart_only,2,True,True,True,36,False,CH-2146,2,2
311,chart_only-06,chart_only,3,True,True,True,36,False,CH-2666,2,2
311,cross_file-01,cross_file,1,True,True,True,20,False,CF-3026,3,12
311,cross_file-02,cross_file,2,True,True,True,20,False,CF-1756,10,40
311,cross_file-03,cross_file,3,True,True,True,20,False,CF-1461,11,43
311,cross_file-04,cross_file,1,True,True,True,20,False,CF-4626,3,12
311,cross_file-05,cross_file,2,True,True,True,20,False,CF-4352,10,40
311,cross_file-06,cross_file,3,True,True,True,20,False,CF-4485,11,43
311,format-01,format,1,True,True,True,30,False,IL-1467,1,2
311,format-02,format,2,True,True,True,30,False,IL-3927,1,2
311,format-03,format,3,True,True,True,20,False,IL-3716,1,2
311,format-04,format,1,True,True,True,30,False,IL-3276,1,2
311,format-05,format,2,True,True,True,30,False,IL-1093,1,2
311,format-06,format,3,True,True,True,30,False,IL-2762,1,2
311,formula-01,formula,1,True,True,True,20,False,QT-1641,1,3
311,formula-02,formula,2,True,True,True,20,False,QT-2757,1,3
311,formula-03,formula,3,True,True,True,20,False,QT-4352,1,3
311,formula-04,formula,1,True,True,True,20,False,QT-2159,1,3
311,formula-05,formula,2,True,True,True,20,False,QT-1572,1,3
311,formula-06,formula,3,True,True,True,35,False,QT-4752,1,3
311,hidden-01,hidden,1,True,True,True,35,False,PPT-3334,1,2
311,hidden-02,hidden,2,True,True,True,35,False,PPT-4046,1,2
311,hidden-03,hidden,3,True,True,True,35,False,PPT-3208,1,2
311,hidden-04,hidden,1,True,True,True,35,False,PPT-4624,1,2
311,hidden-05,hidden,2,False,True,True,20,False,PPT-2099,1,2
311,hidden-06,hidden,3,True,True,True,20,False,PPT-2128,1,2
311,layout-01,layout,1,True,True,True,35,False,LY-1456,2,3
311,layout-02,layout,2,True,True,True,35,False,LY-3754,2,3
311,layout-03,layout,3,True,True,True,35,False,LY-4223,2,3
311,layout-04,layout,1,True,True,True,35,False,LY-2102,2,3
311,layout-05,layout,2,True,True,True,35,False,LY-1789,2,3
311,layout-06,layout,3,True,True,True,35,False,LY-1560,2,3
311,locked-01,locked,1,True,True,True,35,False,ST-2819,4,10
311,locked-02,locked,2,True,True,True,35,False,ST-2417,4,9
311,locked-03,locked,3,True,True,True,35,False,ST-2884,4,9
311,locked-04,locked,1,True,True,True,35,False,ST-4499,4,10
311,locked-05,locked,2,True,True,True,35,False,ST-4058,4,9
311,locked-06,locked,3,True,True,True,35,False,ST-3308,4,9
311,scanned-01,scanned,1,True,True,True,30,False,SC-1370,1,2
311,scanned-02,scanned,2,False,True,True,30,False,SC-3865,1,0
311,scanned-03,scanned,3,True,True,True,30,False,SC-2030,2,3
311,scanned-04,scanned,1,True,True,True,30,False,SC-2767,1,2
311,scanned-05,scanned,2,False,True,True,30,False,SC-2048,1,0
311,scanned-06,scanned,3,True,True,True,30,False,SC-1149,2,3
311,text-01,text,1,True,True,True,20,False,PRJ-1269,1,3
311,text-02,text,1,True,True,True,35,False,PRJ-1455,1,3
311,text-03,text,1,True,True,True,35,False,PRJ-2978,1,3
311,text-04,text,2,True,True,True,35,False,PRJ-1418,1,3
311,text-05,text,2,True,True,True,35,False,PRJ-2515,1,3
311,text-06,text,3,True,True,True,35,False,PRJ-1130,1,3
311,version-01,version,1,True,True,True,20,False,VR-4724,2,6
311,version-02,version,2,True,True,True,20,False,VR-4879,2,6
311,version-03,version,3,True,False,True,20,False,VR-3200,3,10
311,version-04,version,1,True,True,True,20,False,VR-4958,2,6
311,version-05,version,2,True,True,True,20,False,VR-3297,2,6
311,version-06,version,3,True,False,True,20,False,VR-3990,3,10
1524,chart_native-01,chart_native,1,True,True,True,20,False,UT-3064,1,2
1524,chart_native-02,chart_native,2,True,True,True,20,False,UT-3391,1,2
1524,chart_native-03,chart_native,3,True,True,True,20,False,UT-3860,1,2
1524,chart_native-04,chart_native,1,True,True,True,20,False,UT-3629,1,2
1524,chart_native-05,chart_native,2,True,True,True,20,False,UT-1666,1,2
1524,chart_native-06,chart_native,3,True,True,True,20,False,UT-3297,1,2
1524,chart_only-01,chart_only,1,True,True,True,60,True,CH-2766,2,2
1524,chart_only-02,chart_only,2,False,True,True,60,True,CH-2120,2,2
1524,chart_only-03,chart_only,3,True,True,True,60,True,CH-4057,2,2
1524,chart_only-04,chart_only,1,True,True,True,60,True,CH-4814,2,2
1524,chart_only-05,chart_only,2,False,True,True,60,True,CH-2146,2,2
1524,chart_only-06,chart_only,3,True,True,True,60,True,CH-2666,2,2
1524,cross_file-01,cross_file,1,True,True,True,20,False,CF-3026,3,12
1524,cross_file-02,cross_file,2,True,True,True,20,False,CF-1756,10,40
1524,cross_file-03,cross_file,3,True,True,True,20,False,CF-1461,11,43
1524,cross_file-04,cross_file,1,True,True,True,20,False,CF-4626,3,12
1524,cross_file-05,cross_file,2,True,True,True,20,False,CF-4352,10,40
1524,cross_file-06,cross_file,3,True,True,True,20,False,CF-4485,11,43
1524,format-01,format,1,True,True,True,20,False,IL-1467,1,2
1524,format-02,format,2,True,True,True,20,False,IL-3927,1,2
1524,format-03,format,3,True,True,True,20,False,IL-3716,1,2
1524,format-04,format,1,True,True,True,20,False,IL-3276,1,2
1524,format-05,format,2,True,True,True,20,False,IL-1093,1,2
1524,format-06,format,3,True,True,True,20,False,IL-2762,1,2
1524,formula-01,formula,1,True,True,True,20,False,QT-1641,1,3
1524,formula-02,formula,2,True,True,True,20,False,QT-2757,1,3
1524,formula-03,formula,3,True,True,True,20,False,QT-4352,1,3
1524,formula-04,formula,1,True,True,True,20,False,QT-2159,1,3
1524,formula-05,formula,2,True,True,True,20,False,QT-1572,1,3
1524,formula-06,formula,3,True,True,True,20,False,QT-4752,1,3
1524,hidden-01,hidden,1,True,True,True,20,False,PPT-3334,1,2
1524,hidden-02,hidden,2,False,False,False,20,False,PPT-4046,1,2
1524,hidden-03,hidden,3,True,True,True,20,False,PPT-3208,1,2
1524,hidden-04,hidden,1,True,True,True,20,False,PPT-4624,1,2
1524,hidden-05,hidden,2,False,False,False,20,False,PPT-2099,1,2
1524,hidden-06,hidden,3,True,True,True,20,False,PPT-2128,1,2
1524,layout-01,layout,1,True,True,True,60,True,LY-1456,2,3
1524,layout-02,layout,2,False,True,True,60,True,LY-3754,2,3
1524,layout-03,layout,3,True,True,True,60,True,LY-4223,2,3
1524,layout-04,layout,1,True,True,True,60,True,LY-2102,2,3
1524,layout-05,layout,2,False,True,True,60,True,LY-1789,2,3
1524,layout-06,layout,3,True,True,True,60,True,LY-1560,2,3
1524,locked-01,locked,1,True,False,True,60,True,ST-2819,4,10
1524,locked-02,locked,2,True,False,True,60,True,ST-2417,4,9
1524,locked-03,locked,3,True,False,True,60,True,ST-2884,4,9
1524,locked-04,locked,1,True,False,True,60,True,ST-4499,4,10
1524,locked-05,locked,2,True,False,True,60,True,ST-4058,4,9
1524,locked-06,locked,3,True,False,True,60,True,ST-3308,4,9
1524,scanned-01,scanned,1,True,True,True,60,True,SC-1370,1,2
1524,scanned-02,scanned,2,False,False,False,60,True,SC-3865,1,0
1524,scanned-03,scanned,3,True,True,True,60,True,SC-2030,2,3
1524,scanned-04,scanned,1,True,True,True,60,True,SC-2767,1,2
1524,scanned-05,scanned,2,False,True,True,60,True,SC-2048,1,0
1524,scanned-06,scanned,3,True,True,True,60,True,SC-1149,2,3
1524,text-01,text,1,True,True,True,20,False,PRJ-1269,1,3
1524,text-02,text,1,True,True,True,20,False,PRJ-1455,1,3
1524,text-03,text,1,True,True,True,60,True,PRJ-2978,1,3
1524,text-04,text,2,True,True,True,20,False,PRJ-1418,1,3
1524,text-05,text,2,True,True,True,20,False,PRJ-2515,1,3
1524,text-06,text,3,True,True,True,20,False,PRJ-1130,1,3
1524,version-01,version,1,True,True,True,20,False,VR-4724,2,6
1524,version-02,version,2,True,True,True,20,False,VR-4879,2,6
1524,version-03,version,3,True,False,True,20,False,VR-3200,3,10
1524,version-04,version,1,True,True,True,20,False,VR-4958,2,6
1524,version-05,version,2,True,True,True,20,False,VR-3297,2,6
1524,version-06,version,3,True,False,True,20,False,VR-3990,3,10
7956,chart_native-01,chart_native,1,True,True,True,20,False,UT-3064,1,2
7956,chart_native-02,chart_native,2,True,True,True,20,False,UT-3391,1,2
7956,chart_native-03,chart_native,3,True,True,True,20,False,UT-3860,1,2
7956,chart_native-04,chart_native,1,True,True,True,20,False,UT-3629,1,2
7956,chart_native-05,chart_native,2,True,True,True,20,False,UT-1666,1,2
7956,chart_native-06,chart_native,3,True,True,True,20,False,UT-3297,1,2
7956,chart_only-01,chart_only,1,True,True,True,60,True,CH-2766,2,2
7956,chart_only-02,chart_only,2,False,False,False,60,True,CH-2120,2,2
7956,chart_only-03,chart_only,3,False,True,True,60,True,CH-4057,2,2
7956,chart_only-04,chart_only,1,True,True,True,60,True,CH-4814,2,2
7956,chart_only-05,chart_only,2,False,False,False,60,True,CH-2146,2,2
7956,chart_only-06,chart_only,3,True,True,True,60,True,CH-2666,2,2
7956,cross_file-01,cross_file,1,True,True,True,20,False,CF-3026,3,12
7956,cross_file-02,cross_file,2,True,True,True,20,False,CF-1756,10,40
7956,cross_file-03,cross_file,3,True,True,True,20,False,CF-1461,11,43
7956,cross_file-04,cross_file,1,True,True,True,20,False,CF-4626,3,12
7956,cross_file-05,cross_file,2,True,True,True,20,False,CF-4352,10,40
7956,cross_file-06,cross_file,3,True,True,True,20,False,CF-4485,11,43
7956,format-01,format,1,True,True,True,20,False,IL-1467,1,2
7956,format-02,format,2,True,True,True,20,False,IL-3927,1,2
7956,format-03,format,3,True,True,True,20,False,IL-3716,1,2
7956,format-04,format,1,True,True,True,20,False,IL-3276,1,2
7956,format-05,format,2,True,True,True,20,False,IL-1093,1,2
7956,format-06,format,3,True,True,True,20,False,IL-2762,1,2
7956,formula-01,formula,1,True,True,True,20,False,QT-1641,1,3
7956,formula-02,formula,2,True,True,True,20,False,QT-2757,1,3
7956,formula-03,formula,3,True,True,True,20,False,QT-4352,1,3
7956,formula-04,formula,1,True,True,True,20,False,QT-2159,1,3
7956,formula-05,formula,2,True,True,True,20,False,QT-1572,1,3
7956,formula-06,formula,3,True,True,True,20,False,QT-4752,1,3
7956,hidden-01,hidden,1,True,True,True,20,False,PPT-3334,1,2
7956,hidden-02,hidden,2,False,True,True,20,False,PPT-4046,1,2
7956,hidden-03,hidden,3,True,True,True,20,False,PPT-3208,1,2
7956,hidden-04,hidden,1,True,True,True,20,False,PPT-4624,1,2
7956,hidden-05,hidden,2,False,True,True,20,False,PPT-2099,1,2
7956,hidden-06,hidden,3,True,True,True,20,False,PPT-2128,1,2
7956,layout-01,layout,1,True,True,True,60,True,LY-1456,2,3
7956,layout-02,layout,2,False,True,True,60,True,LY-3754,2,3
7956,layout-03,layout,3,True,True,True,60,True,LY-4223,2,3
7956,layout-04,layout,1,True,True,True,60,True,LY-2102,2,3
7956,layout-05,layout,2,False,True,True,60,True,LY-1789,2,3
7956,layout-06,layout,3,True,True,True,60,True,LY-1560,2,3
7956,locked-01,locked,1,True,False,True,60,True,ST-2819,4,10
7956,locked-02,locked,2,True,False,True,60,True,ST-2417,4,9
7956,locked-03,locked,3,True,False,True,60,True,ST-2884,4,9
7956,locked-04,locked,1,True,False,True,60,True,ST-4499,4,10
7956,locked-05,locked,2,False,False,True,60,True,ST-4058,4,9
7956,locked-06,locked,3,True,False,True,60,True,ST-3308,4,9
7956,scanned-01,scanned,1,True,True,True,60,True,SC-1370,1,2
7956,scanned-02,scanned,2,False,False,False,60,True,SC-3865,1,0
7956,scanned-03,scanned,3,True,True,True,60,True,SC-2030,2,3
7956,scanned-04,scanned,1,True,True,True,60,True,SC-2767,1,2
7956,scanned-05,scanned,2,False,True,True,60,True,SC-2048,1,0
7956,scanned-06,scanned,3,True,True,True,60,True,SC-1149,2,3
7956,text-01,text,1,True,True,True,20,False,PRJ-1269,1,3
7956,text-02,text,1,True,True,True,20,False,PRJ-1455,1,3
7956,text-03,text,1,True,True,True,60,True,PRJ-2978,1,3
7956,text-04,text,2,True,True,True,20,False,PRJ-1418,1,3
7956,text-05,text,2,True,True,True,20,False,PRJ-2515,1,3
7956,text-06,text,3,True,True,True,60,True,PRJ-1130,1,3
7956,version-01,version,1,True,True,True,20,False,VR-4724,2,6
7956,version-02,version,2,True,True,True,20,False,VR-4879,2,6
7956,version-03,version,3,True,True,True,20,False,VR-3200,3,10
7956,version-04,version,1,True,True,True,20,False,VR-4958,2,6
7956,version-05,version,2,True,True,True,20,False,VR-3297,2,6
7956,version-06,version,3,True,False,True,20,False,VR-3990,3,10
